[
  {
    "RealCityName": "Greve",
    "ASCIICityName": "Greve",
    "Zipcode": 2670
  },
  {
    "RealCityName": "Solrød Strand",
    "ASCIICityName": "Solroed Strand",
    "Zipcode": 2680
  },
  {
    "RealCityName": "Karlslunde",
    "ASCIICityName": "Karlslunde",
    "Zipcode": 2690
  },
  {
    "RealCityName": "Roskilde",
    "ASCIICityName": "Roskilde",
    "Zipcode": 4000
  },
  {
    "RealCityName": "Tune",
    "ASCIICityName": "Tune",
    "Zipcode": 4030
  },
  {
    "RealCityName": "Jyllinge",
    "ASCIICityName": "Jyllinge",
    "Zipcode": 4040
  },
  {
    "RealCityName": "Kirke Såby",
    "ASCIICityName": "Kirke Saaby",
    "Zipcode": 4060
  },
  {
    "RealCityName": "Kirke Hyllinge",
    "ASCIICityName": "Kirke Hyllinge",
    "Zipcode": 4070
  },
  {
    "RealCityName": "Ringsted",
    "ASCIICityName": "Ringsted",
    "Zipcode": 4100
  },
  {
    "RealCityName": "Viby Sjælland",
    "ASCIICityName": "Viby Sjaelland",
    "Zipcode": 4130
  },
  {
    "RealCityName": "Borup",
    "ASCIICityName": "Borup",
    "Zipcode": 4140
  },
  {
    "RealCityName": "Herlufmagle",
    "ASCIICityName": "Herlufmagle",
    "Zipcode": 4160
  },
  {
    "RealCityName": "Glumsø",
    "ASCIICityName": "Glumsoe",
    "Zipcode": 4171
  },
  {
    "RealCityName": "Fjenneslev",
    "ASCIICityName": "Fjenneslev",
    "Zipcode": 4173
  },
  {
    "RealCityName": "Jystrup Midtsjælland",
    "ASCIICityName": "Jystrup Midtsjaelland",
    "Zipcode": 4174
  },
  {
    "RealCityName": "Sorø",
    "ASCIICityName": "Soroe",
    "Zipcode": 4180
  },
  {
    "RealCityName": "Munke Bjergby",
    "ASCIICityName": "Munke Bjergby",
    "Zipcode": 4190
  },
  {
    "RealCityName": "Slagelse",
    "ASCIICityName": "Slagelse",
    "Zipcode": 4200
  },
  {
    "RealCityName": "Korsør",
    "ASCIICityName": "Korsoer",
    "Zipcode": 4220
  },
  {
    "RealCityName": "Skælskør",
    "ASCIICityName": "Skaelskoer",
    "Zipcode": 4230
  },
  {
    "RealCityName": "Vemmelev",
    "ASCIICityName": "Vemmelev",
    "Zipcode": 4241
  },
  {
    "RealCityName": "Boeslunde",
    "ASCIICityName": "Boeslunde",
    "Zipcode": 4242
  },
  {
    "RealCityName": "Rude",
    "ASCIICityName": "Rude",
    "Zipcode": 4243
  },
  {
    "RealCityName": "Agersø",
    "ASCIICityName": "Agersoe",
    "Zipcode": 4244
  },
  {
    "RealCityName": "Omø",
    "ASCIICityName": "Omoe",
    "Zipcode": 4245
  },
  {
    "RealCityName": "Fuglebjerg",
    "ASCIICityName": "Fuglebjerg",
    "Zipcode": 4250
  },
  {
    "RealCityName": "Dalmose",
    "ASCIICityName": "Dalmose",
    "Zipcode": 4261
  },
  {
    "RealCityName": "Sandved",
    "ASCIICityName": "Sandved",
    "Zipcode": 4262
  },
  {
    "RealCityName": "Høng",
    "ASCIICityName": "Hoeng",
    "Zipcode": 4270
  },
  {
    "RealCityName": "Gørlev",
    "ASCIICityName": "Goerlev",
    "Zipcode": 4281
  },
  {
    "RealCityName": "Ruds Vedby",
    "ASCIICityName": "Ruds Vedby",
    "Zipcode": 4291
  },
  {
    "RealCityName": "Dianalund",
    "ASCIICityName": "Dianalund",
    "Zipcode": 4293
  },
  {
    "RealCityName": "Stenlille",
    "ASCIICityName": "Stenlille",
    "Zipcode": 4295
  },
  {
    "RealCityName": "Nyrup",
    "ASCIICityName": "Nyrup",
    "Zipcode": 4296
  },
  {
    "RealCityName": "Holbæk",
    "ASCIICityName": "Holbaek",
    "Zipcode": 4300
  },
  {
    "RealCityName": "Orø",
    "ASCIICityName": "Oroe",
    "Zipcode": 4305
  },
  {
    "RealCityName": "Lejre",
    "ASCIICityName": "Lejre",
    "Zipcode": 4320
  },
  {
    "RealCityName": "Hvalsø",
    "ASCIICityName": "Hvalsoe",
    "Zipcode": 4330
  },
  {
    "RealCityName": "Tølløse",
    "ASCIICityName": "Toelloese",
    "Zipcode": 4340
  },
  {
    "RealCityName": "Ugerløse",
    "ASCIICityName": "Ugerloese",
    "Zipcode": 4350
  },
  {
    "RealCityName": "Kirke Eskilstrup",
    "ASCIICityName": "Kirke Eskilstrup",
    "Zipcode": 4360
  },
  {
    "RealCityName": "Store Merløse",
    "ASCIICityName": "Store Merloese",
    "Zipcode": 4370
  },
  {
    "RealCityName": "Vipperød",
    "ASCIICityName": "Vipperoed",
    "Zipcode": 4390
  },
  {
    "RealCityName": "Kalundborg",
    "ASCIICityName": "Kalundborg",
    "Zipcode": 4400
  },
  {
    "RealCityName": "Regstrup",
    "ASCIICityName": "Regstrup",
    "Zipcode": 4420
  },
  {
    "RealCityName": "Mørkøv",
    "ASCIICityName": "Moerkoev",
    "Zipcode": 4440
  },
  {
    "RealCityName": "Jyderup",
    "ASCIICityName": "Jyderup",
    "Zipcode": 4450
  },
  {
    "RealCityName": "Snertinge",
    "ASCIICityName": "Snertinge",
    "Zipcode": 4460
  },
  {
    "RealCityName": "Svebølle",
    "ASCIICityName": "Sveboelle",
    "Zipcode": 4470
  },
  {
    "RealCityName": "Store Fuglede",
    "ASCIICityName": "Store Fuglede",
    "Zipcode": 4480
  },
  {
    "RealCityName": "Jerslev Sjælland",
    "ASCIICityName": "Jerslev Sjaelland",
    "Zipcode": 4490
  },
  {
    "RealCityName": "Nykøbing Sjælland",
    "ASCIICityName": "Nykoebing Sjaelland",
    "Zipcode": 4500
  },
  {
    "RealCityName": "Svinninge",
    "ASCIICityName": "Svinninge",
    "Zipcode": 4520
  },
  {
    "RealCityName": "Gislinge",
    "ASCIICityName": "Gislinge",
    "Zipcode": 4532
  },
  {
    "RealCityName": "Hørve",
    "ASCIICityName": "Hoerve",
    "Zipcode": 4534
  },
  {
    "RealCityName": "Fårevejle",
    "ASCIICityName": "Faarevejle",
    "Zipcode": 4540
  },
  {
    "RealCityName": "Asnæs",
    "ASCIICityName": "Asnaes",
    "Zipcode": 4550
  },
  {
    "RealCityName": "Vig",
    "ASCIICityName": "Vig",
    "Zipcode": 4560
  },
  {
    "RealCityName": "Grevinge",
    "ASCIICityName": "Grevinge",
    "Zipcode": 4571
  },
  {
    "RealCityName": "Nørre Asmindrup",
    "ASCIICityName": "Noerre Asmindrup",
    "Zipcode": 4572
  },
  {
    "RealCityName": "Højby",
    "ASCIICityName": "Hoejby",
    "Zipcode": 4573
  },
  {
    "RealCityName": "Rørvig",
    "ASCIICityName": "Roervig",
    "Zipcode": 4581
  },
  {
    "RealCityName": "Sjællands Odde",
    "ASCIICityName": "Sjaellands Odde",
    "Zipcode": 4583
  },
  {
    "RealCityName": "Føllenslev",
    "ASCIICityName": "Foellenslev",
    "Zipcode": 4591
  },
  {
    "RealCityName": "Sejerø",
    "ASCIICityName": "Sejeroe",
    "Zipcode": 4592
  },
  {
    "RealCityName": "Eskebjerg",
    "ASCIICityName": "Eskebjerg",
    "Zipcode": 4593
  },
  {
    "RealCityName": "Køge",
    "ASCIICityName": "Koege",
    "Zipcode": 4600
  },
  {
    "RealCityName": "Gadstrup",
    "ASCIICityName": "Gadstrup",
    "Zipcode": 4621
  },
  {
    "RealCityName": "Havdrup",
    "ASCIICityName": "Havdrup",
    "Zipcode": 4622
  },
  {
    "RealCityName": "Lille Skensved",
    "ASCIICityName": "Lille Skensved",
    "Zipcode": 4623
  },
  {
    "RealCityName": "Bjæverskov",
    "ASCIICityName": "Bjaeverskov",
    "Zipcode": 4632
  },
  {
    "RealCityName": "Faxe",
    "ASCIICityName": "Faxe",
    "Zipcode": 4640
  },
  {
    "RealCityName": "Hårlev",
    "ASCIICityName": "Haarlev",
    "Zipcode": 4652
  },
  {
    "RealCityName": "Karise",
    "ASCIICityName": "Karise",
    "Zipcode": 4653
  },
  {
    "RealCityName": "Faxe Ladeplads",
    "ASCIICityName": "Faxe Ladeplads",
    "Zipcode": 4654
  },
  {
    "RealCityName": "Store Heddinge",
    "ASCIICityName": "Store Heddinge",
    "Zipcode": 4660
  },
  {
    "RealCityName": "Strøby",
    "ASCIICityName": "Stroeby",
    "Zipcode": 4671
  },
  {
    "RealCityName": "Klippinge",
    "ASCIICityName": "Klippinge",
    "Zipcode": 4672
  },
  {
    "RealCityName": "Rødvig Stevns",
    "ASCIICityName": "Roedvig Stevns",
    "Zipcode": 4673
  },
  {
    "RealCityName": "Herfølge",
    "ASCIICityName": "Herfoelge",
    "Zipcode": 4681
  },
  {
    "RealCityName": "Tureby",
    "ASCIICityName": "Tureby",
    "Zipcode": 4682
  },
  {
    "RealCityName": "Rønnede",
    "ASCIICityName": "Roennede",
    "Zipcode": 4683
  },
  {
    "RealCityName": "Holmegaard",
    "ASCIICityName": "Holmegaard",
    "Zipcode": 4684
  },
  {
    "RealCityName": "Haslev",
    "ASCIICityName": "Haslev",
    "Zipcode": 4690
  },
  {
    "RealCityName": "Næstved",
    "ASCIICityName": "Naestved",
    "Zipcode": 4700
  },
  {
    "RealCityName": "Præstø",
    "ASCIICityName": "Praestoe",
    "Zipcode": 4720
  },
  {
    "RealCityName": "Tappernøje",
    "ASCIICityName": "Tappernoeje",
    "Zipcode": 4733
  },
  {
    "RealCityName": "Mern",
    "ASCIICityName": "Mern",
    "Zipcode": 4735
  },
  {
    "RealCityName": "Karrebæksminde",
    "ASCIICityName": "Karrebaeksminde",
    "Zipcode": 4736
  },
  {
    "RealCityName": "Lundby",
    "ASCIICityName": "Lundby",
    "Zipcode": 4750
  },
  {
    "RealCityName": "Vordingborg",
    "ASCIICityName": "Vordingborg",
    "Zipcode": 4760
  },
  {
    "RealCityName": "Kalvehave",
    "ASCIICityName": "Kalvehave",
    "Zipcode": 4771
  },
  {
    "RealCityName": "Langebæk",
    "ASCIICityName": "Langebaek",
    "Zipcode": 4772
  },
  {
    "RealCityName": "Stensved",
    "ASCIICityName": "Stensved",
    "Zipcode": 4773
  },
  {
    "RealCityName": "Stege",
    "ASCIICityName": "Stege",
    "Zipcode": 4780
  },
  {
    "RealCityName": "Borre",
    "ASCIICityName": "Borre",
    "Zipcode": 4791
  },
  {
    "RealCityName": "Askeby",
    "ASCIICityName": "Askeby",
    "Zipcode": 4792
  },
  {
    "RealCityName": "Bogø By",
    "ASCIICityName": "Bogoe By",
    "Zipcode": 4793
  },
  {
    "RealCityName": "Nykøbing Falster",
    "ASCIICityName": "Nykoebing Falster",
    "Zipcode": 4800
  },
  {
    "RealCityName": "Nørre Alslev",
    "ASCIICityName": "Noerre Alslev",
    "Zipcode": 4840
  },
  {
    "RealCityName": "Stubbekøbing",
    "ASCIICityName": "Stubbekoebing",
    "Zipcode": 4850
  },
  {
    "RealCityName": "Guldborg",
    "ASCIICityName": "Guldborg",
    "Zipcode": 4862
  },
  {
    "RealCityName": "Eskilstrup",
    "ASCIICityName": "Eskilstrup",
    "Zipcode": 4863
  },
  {
    "RealCityName": "Horbelev",
    "ASCIICityName": "Horbelev",
    "Zipcode": 4871
  },
  {
    "RealCityName": "Idestrup",
    "ASCIICityName": "Idestrup",
    "Zipcode": 4872
  },
  {
    "RealCityName": "Væggerløse",
    "ASCIICityName": "Vaeggerloese",
    "Zipcode": 4873
  },
  {
    "RealCityName": "Gedser",
    "ASCIICityName": "Gedser",
    "Zipcode": 4874
  },
  {
    "RealCityName": "Nysted",
    "ASCIICityName": "Nysted",
    "Zipcode": 4880
  },
  {
    "RealCityName": "Toreby L",
    "ASCIICityName": "Toreby L",
    "Zipcode": 4891
  },
  {
    "RealCityName": "Kettinge",
    "ASCIICityName": "Kettinge",
    "Zipcode": 4892
  },
  {
    "RealCityName": "Øster Ulslev",
    "ASCIICityName": "Oester Ulslev",
    "Zipcode": 4894
  },
  {
    "RealCityName": "Errindlev",
    "ASCIICityName": "Errindlev",
    "Zipcode": 4895
  },
  {
    "RealCityName": "Harpelunde",
    "ASCIICityName": "Harpelunde",
    "Zipcode": 4912
  },
  {
    "RealCityName": "Horslunde",
    "ASCIICityName": "Horslunde",
    "Zipcode": 4913
  },
  {
    "RealCityName": "Søllested",
    "ASCIICityName": "Soellested",
    "Zipcode": 4920
  },
  {
    "RealCityName": "Maribo",
    "ASCIICityName": "Maribo",
    "Zipcode": 4930
  },
  {
    "RealCityName": "Bandholm",
    "ASCIICityName": "Bandholm",
    "Zipcode": 4941
  },
  {
    "RealCityName": "Torrig L",
    "ASCIICityName": "Torrig L",
    "Zipcode": 4943
  },
  {
    "RealCityName": "Fejø",
    "ASCIICityName": "Fejoe",
    "Zipcode": 4944
  },
  {
    "RealCityName": "Holeby",
    "ASCIICityName": "Holeby",
    "Zipcode": 4960
  },
  {
    "RealCityName": "Rødby",
    "ASCIICityName": "Roedby",
    "Zipcode": 4970
  },
  {
    "RealCityName": "Dannemare",
    "ASCIICityName": "Dannemare",
    "Zipcode": 4983
  },
  {
    "RealCityName": "Sakskøbing",
    "ASCIICityName": "Sakskoebing",
    "Zipcode": 4990
  }
]
